experiment_group,dataset,method,baseline,n_pairs,accuracy_difference_mean,loss_difference_mean,loss_difference_ci95_low,loss_difference_ci95_high,paired_effect_dz,method_better_loss_count,wilcoxon_loss_p,wilcoxon_loss_p_holm
core,anisotropic,FA-Momentum,BP-Momentum,10,-0.0029999999999999914,0.02771966459799056,0.01261812854400962,0.04516433192122274,0.9906920180538165,1,0.009765625,0.72265625
core,anisotropic,DFA-Momentum,BP-Momentum,10,-0.001000000000000012,0.019371258660072277,0.006789267638633326,0.028343216118648904,1.0335281349437206,1,0.037109375,1.0
core,anisotropic,LocalHead-Momentum,BP-Momentum,10,-0.018499999999999982,0.04507811448822289,0.019857679611184866,0.0751618683120805,0.9429555791794962,1,0.005859375,0.4453125
core,anisotropic,AR64-Momentum,BP-Momentum,10,2.2204460492503132e-17,-8.726896025034181e-05,-0.00036980389248408754,0.00018528881700829585,-0.1831465795254304,5,0.845703125,1.0
core,anisotropic,CAT40-Momentum,BP-Momentum,10,-0.0012499999999999955,0.0032292802305458057,-0.0007995803578882681,0.007448691132479831,0.4559643399819075,4,0.232421875,1.0
core,anisotropic,CAT64-Momentum,BP-Momentum,10,1.1102230246251566e-17,-4.462675294772955e-05,-0.00019919118883047424,0.0001050737032959489,-0.17049565938010602,5,0.845703125,1.0
core,anisotropic,BP-MWBP,BP-Momentum,10,0.0007500000000000174,-0.0006127338499477053,-0.0011722411364464343,-0.00017842775559198413,-0.6977664485227181,8,0.01953125,1.0
core,anisotropic,CAT64-Momentum,AR64-Momentum,10,-1.1102230246251566e-17,4.2642207302612253e-05,-7.976581253616637e-05,0.00016987063711415985,0.1985284117121898,5,0.845703125,1.0
core,anisotropic,CAT64-Momentum,CAT40-Momentum,10,0.0012500000000000067,-0.0032739069834935353,-0.007481305576697105,0.0007044967396824101,-0.4643544609207222,6,0.232421875,1.0
core,anisotropic,CAT64-MWBP,CAT64-Momentum,10,0.001000000000000012,-0.0006085850845775342,-0.001160515274833749,-0.00018303078120098743,-0.7046073913224978,8,0.01953125,1.0
core,anisotropic,CAT64-MWBP,CAT64-MWBP-local,10,0.0015000000000000124,-0.001651088300367709,-0.005228050439071973,0.00018954355342073095,-0.29429866855816506,4,0.322265625,1.0
core,anisotropic,CAT64-MWBP,CAT64-MWBP-local-EM,10,0.0,0.00018634707171831245,3.235508477790195e-05,0.000420082775156108,0.5260794942128352,3,0.037109375,1.0
core,breast_cancer,FA-Momentum,BP-Momentum,10,-0.006993006993007001,0.047787587499332054,0.026453401681363342,0.07096146619880739,1.2668257058678314,1,0.00390625,0.3203125
core,breast_cancer,DFA-Momentum,BP-Momentum,10,-0.004195804195804187,0.05928602968478837,0.03818849900447653,0.07885236996757598,1.709989442959045,1,0.00390625,0.3203125
core,breast_cancer,LocalHead-Momentum,BP-Momentum,10,-0.0055944055944055935,0.03836847132230213,0.02413142168184442,0.0512289798696521,1.660984641251825,1,0.00390625,0.3203125
core,breast_cancer,AR64-Momentum,BP-Momentum,10,0.0,3.911367636767055e-06,-3.644325372708292e-05,4.363233710081099e-05,0.056408071019890704,4,0.921875,1.0
core,breast_cancer,CAT40-Momentum,BP-Momentum,10,-0.0013986013986013956,0.0001112789843669762,-0.000385023486332655,0.0005984130962086982,0.13073778226904323,4,0.76953125,1.0
core,breast_cancer,CAT64-Momentum,BP-Momentum,10,0.0,2.555408078772081e-06,-1.9559207409820723e-05,2.419423903378986e-05,0.0676995395005134,4,0.845703125,1.0
core,breast_cancer,BP-MWBP,BP-Momentum,10,-0.0013986013986013956,0.00019143991404655669,-0.0002354191419648148,0.0006757892206426141,0.2448581324795113,4,0.6953125,1.0
core,breast_cancer,CAT64-Momentum,AR64-Momentum,10,0.0,-1.3559595579949736e-06,-1.961124728330649e-05,1.7134571371928143e-05,-0.04279535390410185,6,0.921875,1.0
core,breast_cancer,CAT64-Momentum,CAT40-Momentum,10,0.0013986013986013956,-0.00010872357628820411,-0.0005762588686547259,0.0003677192221466559,-0.13347545307137718,6,0.76953125,1.0
core,breast_cancer,CAT64-MWBP,CAT64-Momentum,10,-0.0013986013986013956,0.00019439807399964927,-0.000225693964251743,0.0006777722645640135,0.24824220868685826,4,0.6953125,1.0
core,breast_cancer,CAT64-MWBP,CAT64-MWBP-local,10,0.0006993006993006978,-5.4086403630022875e-05,-0.0001935321152582492,6.932709741383735e-05,-0.23646463030650297,5,0.6953125,1.0
core,breast_cancer,CAT64-MWBP,CAT64-MWBP-local-EM,10,0.0006993006993006978,-4.589223270350246e-05,-0.00016869416994971662,6.610765022045985e-05,-0.22512194837064867,5,0.6953125,1.0
core,circles,FA-Momentum,BP-Momentum,10,-0.00033333333333331885,0.009010924589058647,0.0007090339310130442,0.02130792035339672,0.48600691813545766,2,0.064453125,1.0
core,circles,DFA-Momentum,BP-Momentum,10,-0.0006666666666666598,0.0015257353888587166,-0.003005693042626973,0.007831372113315981,0.1590316873887821,6,0.845703125,1.0
core,circles,LocalHead-Momentum,BP-Momentum,10,-0.10966666666666662,0.1539424903951593,0.017545863731534325,0.3466169973816347,0.5537035718121514,1,0.00390625,0.3203125
core,circles,AR64-Momentum,BP-Momentum,10,0.0,2.7324765004060978e-05,1.020511506680891e-05,4.397882377076689e-05,0.9442995932235851,2,0.01953125,1.0
core,circles,CAT40-Momentum,BP-Momentum,10,-0.0009999999999999898,6.497809541221775e-05,-0.00031482445155443323,0.0003984981960868675,0.10581747842739846,4,0.6953125,1.0
core,circles,CAT64-Momentum,BP-Momentum,10,0.0,1.5736706666968828e-05,5.771237661041101e-06,2.526963703824797e-05,0.9524978565486258,2,0.01953125,1.0
core,circles,BP-MWBP,BP-Momentum,10,-0.0003333333333333299,0.00013460411225833764,-0.0007265622780200588,0.0009549840171886732,0.09432627133606476,5,0.76953125,1.0
core,circles,CAT64-Momentum,AR64-Momentum,10,0.0,-1.158805833709215e-05,-1.882377578070083e-05,-4.154982384603349e-06,-0.9254073965471669,8,0.02734375,1.0
core,circles,CAT64-Momentum,CAT40-Momentum,10,0.0009999999999999898,-4.924138874524892e-05,-0.0003812899747767374,0.000327617931405481,-0.08121220788174882,6,0.6953125,1.0
core,circles,CAT64-MWBP,CAT64-Momentum,10,-0.0003333333333333299,0.00013345489094078022,-0.0007287692873107426,0.0009529107938461357,0.09351954530588791,5,0.76953125,1.0
core,circles,CAT64-MWBP,CAT64-MWBP-local,10,0.0,8.546944380674552e-05,-9.573221394548487e-05,0.00033639563594451614,0.22839321347863645,6,1.0,1.0
core,circles,CAT64-MWBP,CAT64-MWBP-local-EM,10,0.0,8.644562362649703e-05,-9.039200280352499e-05,0.00033222664420724893,0.236381118104888,6,1.0,1.0
core,digits,FA-Momentum,BP-Momentum,10,-0.031777777777777794,0.11152553668554996,0.08800939321503831,0.13541245936199045,2.7624189728603747,0,0.001953125,0.177734375
core,digits,DFA-Momentum,BP-Momentum,10,-0.009111111111111125,0.0429994632619029,0.021536308561258693,0.06909968641166231,1.0581775052013742,0,0.001953125,0.177734375
core,digits,LocalHead-Momentum,BP-Momentum,10,-0.0035555555555555783,0.03193571049703986,0.016021921283205984,0.04950221856694899,1.127800019786093,1,0.00390625,0.3203125
core,digits,AR64-Momentum,BP-Momentum,10,-0.000666666666666671,-0.00019336153962577068,-0.0009459006049996245,0.00024332153653150316,-0.1671501494398146,2,0.193359375,1.0
core,digits,CAT40-Momentum,BP-Momentum,10,-0.0008888888888888946,0.0023990028850600434,0.0008496307457880298,0.004248315356373676,0.8340926569931413,1,0.01953125,1.0
core,digits,CAT64-Momentum,BP-Momentum,10,-0.00022222222222222364,9.343084278233133e-05,4.266997635032077e-05,0.0001346536133189525,1.1773070691857321,1,0.013671875,0.984375
core,digits,BP-MWBP,BP-Momentum,10,0.0004444444444444473,-0.00035545816537291275,-0.0015805571659377785,0.0008180756838390948,-0.17343239083099996,6,1.0,1.0
core,digits,CAT64-Momentum,AR64-Momentum,10,0.0004444444444444473,0.000286792382408102,-0.0001364909267991864,0.0010574140016925125,0.242174494998945,8,0.193359375,1.0
core,digits,CAT64-Momentum,CAT40-Momentum,10,0.000666666666666671,-0.0023055720422777122,-0.00413697247615832,-0.0007876268802488212,-0.814677168109966,9,0.01953125,1.0
core,digits,CAT64-MWBP,CAT64-Momentum,10,0.0004444444444444473,-0.00031567293270517993,-0.0015726782761593995,0.000876535242317848,-0.1500107646720495,6,1.0,1.0
core,digits,CAT64-MWBP,CAT64-MWBP-local,10,-0.00022222222222221256,2.4318434996654924e-05,-0.0004945914928414217,0.0005251906671169185,0.027849104281100056,6,0.921875,1.0
core,digits,CAT64-MWBP,CAT64-MWBP-local-EM,10,-0.00022222222222221256,3.0361840698396592e-05,-0.0004665104547476353,0.0005109533690009277,0.03636052023418738,4,1.0,1.0
core,iris,FA-Momentum,BP-Momentum,10,-0.11842105263157895,0.26621594743606847,0.17215299220838837,0.37455476926504705,1.5642407820884268,0,0.001953125,0.177734375
core,iris,DFA-Momentum,BP-Momentum,10,-0.21052631578947367,0.45799305313145444,0.3265704030375026,0.5964874819207883,1.973978094216326,0,0.001953125,0.177734375
core,iris,LocalHead-Momentum,BP-Momentum,10,-0.14473684210526316,0.30824601693055553,0.22114671715011536,0.4395754761149226,1.5480661273498897,0,0.001953125,0.177734375
core,iris,AR64-Momentum,BP-Momentum,10,0.0,0.0002160122603002322,0.0001247581156424652,0.0003275487457576997,1.2371288392613806,1,0.00390625,0.3203125
core,iris,CAT40-Momentum,BP-Momentum,10,0.0,0.002439151916961845,0.0010749515114281086,0.004007888560381952,0.9658914772222156,1,0.005859375,0.4453125
core,iris,CAT64-Momentum,BP-Momentum,10,0.0,0.00013222858710526045,7.320755858861512e-05,0.0001984654578026015,1.2361564547291766,0,0.001953125,0.177734375
core,iris,BP-MWBP,BP-Momentum,10,0.0,0.0015177510370094232,-0.0003860994337455067,0.0031966205548330036,0.49728642533077977,2,0.10546875,1.0
core,iris,CAT64-Momentum,AR64-Momentum,10,0.0,-8.378367319497177e-05,-0.00014001703702641818,-3.401599890720638e-05,-0.9233323330909737,8,0.013671875,0.984375
core,iris,CAT64-Momentum,CAT40-Momentum,10,0.0,-0.0023069233298565845,-0.003835618494114612,-0.0009611594342500742,-0.9355906757090828,9,0.009765625,0.72265625
core,iris,CAT64-MWBP,CAT64-Momentum,10,0.0,0.0014979046720413225,-0.00041550925929653004,0.0031877311422979985,0.4871590330531726,2,0.10546875,1.0
core,iris,CAT64-MWBP,CAT64-MWBP-local,10,0.0,-0.001127850750861644,-0.002332932416952356,-0.00023150323912879878,-0.6103173550052258,7,0.064453125,1.0
core,iris,CAT64-MWBP,CAT64-MWBP-local-EM,10,0.0,-0.0011196858996058983,-0.002275910990879964,-0.0002672818007934302,-0.6323864227890151,8,0.02734375,1.0
core,moons,FA-Momentum,BP-Momentum,10,-0.01266666666666667,0.03951757340626598,0.007627964001264055,0.0853210231089213,0.569863242661425,3,0.048828125,1.0
core,moons,DFA-Momentum,BP-Momentum,10,-0.09100000000000001,0.1973486947052794,0.180382332443,0.21476306436739986,6.746465575798062,0,0.001953125,0.177734375
core,moons,LocalHead-Momentum,BP-Momentum,10,-0.08800000000000002,0.2001509809291518,0.18689184241964155,0.21343842752061049,8.751888973400439,0,0.001953125,0.177734375
core,moons,AR64-Momentum,BP-Momentum,10,0.0,-0.001155031816148054,-0.003190715503569375,2.7682629676842318e-05,-0.3635501200364252,4,0.845703125,1.0
core,moons,CAT40-Momentum,BP-Momentum,10,-0.0006666666666666598,-0.0010673873072617537,-0.0038064507805660036,0.0010596320165279709,-0.25388808646262817,5,0.921875,1.0
core,moons,CAT64-Momentum,BP-Momentum,10,0.0,-7.413836588571199e-05,-0.0002444787737353171,2.1590954967910903e-05,-0.28203730517861825,3,0.6953125,1.0
core,moons,BP-MWBP,BP-Momentum,10,-0.001333333333333331,-0.0004993979121689238,-0.002785831965477542,0.001131001992456107,-0.14682320433009016,4,0.556640625,1.0
core,moons,CAT64-Momentum,AR64-Momentum,10,0.0,0.001080893450262342,-1.1332462446603276e-05,0.003165591719255382,0.3405767921393748,5,0.6953125,1.0
core,moons,CAT64-Momentum,CAT40-Momentum,10,0.0006666666666666598,0.0009932489413760417,-0.0010667423604230947,0.003747229007661619,0.24137641273263485,5,0.921875,1.0
core,moons,CAT64-MWBP,CAT64-Momentum,10,-0.0019999999999999905,-2.9847628410038796e-05,-0.002511501109431741,0.001788389490493945,-0.008014933083591013,3,0.322265625,1.0
core,moons,CAT64-MWBP,CAT64-MWBP-local,10,-0.0006666666666666598,0.0008661354107095606,-7.82291155431963e-05,0.0026079718396327055,0.3216027555857518,5,0.556640625,1.0
core,moons,CAT64-MWBP,CAT64-MWBP-local-EM,10,-0.0006666666666666598,0.0008640123686235138,-7.801041754754201e-05,0.0026165962326258055,0.3183398780459806,5,0.4921875,1.0
core,wine,FA-Momentum,BP-Momentum,10,-0.033333333333333326,0.07892548384505806,0.04881833635394908,0.11253656202681964,1.4494005620313901,0,0.001953125,0.177734375
core,wine,DFA-Momentum,BP-Momentum,10,-0.0044444444444444505,0.031115839885248985,0.001784938285507639,0.06049706281313395,0.6098263967788915,4,0.130859375,1.0
core,wine,LocalHead-Momentum,BP-Momentum,10,-0.013333333333333341,0.018549353689823654,-0.004868145573864135,0.043861722403640335,0.45336070974171006,3,0.16015625,1.0
core,wine,AR64-Momentum,BP-Momentum,10,0.0,7.763802321631013e-05,-5.049206731446042e-05,0.00021384729885691225,0.34293948154461096,3,0.322265625,1.0
core,wine,CAT40-Momentum,BP-Momentum,10,-0.0044444444444444505,0.0002902048345507068,-0.001059619507370371,0.001757733701698877,0.11990122772791995,4,0.76953125,1.0
core,wine,CAT64-Momentum,BP-Momentum,10,0.0,4.40817071017962e-05,-2.6581177419023915e-05,0.00011872340273046955,0.35493176164327117,3,0.322265625,1.0
core,wine,BP-MWBP,BP-Momentum,10,0.0,0.0006118026400868872,-0.000390752999725288,0.001764102782970818,0.3296983204811934,4,0.375,1.0
core,wine,CAT64-Momentum,AR64-Momentum,10,0.0,-3.355631611451394e-05,-9.610425708034832e-05,2.371089416163902e-05,-0.32784703813828486,7,0.322265625,1.0
core,wine,CAT64-Momentum,CAT40-Momentum,10,0.0044444444444444505,-0.00024612312744891064,-0.0016612137614956176,0.0010517215783772639,-0.10523051576035444,6,0.76953125,1.0
core,wine,CAT64-MWBP,CAT64-Momentum,10,0.0,0.0006139766938188029,-0.0004075156240932594,0.0017931959260191926,0.33066982923248917,4,0.375,1.0
core,wine,CAT64-MWBP,CAT64-MWBP-local,10,0.0,-0.0001633724825116308,-0.0005108110740695705,0.00015906619104261136,-0.2877946036491453,6,0.4921875,1.0
core,wine,CAT64-MWBP,CAT64-MWBP-local-EM,10,0.0,-0.00017370760601522031,-0.00047226292731636566,9.930999367342262e-05,-0.35829522145158804,6,0.375,1.0
scaling,synthetic_large,DFA-Momentum,BP-Momentum,3,0.01422222222222221,-0.0013638006334117936,-0.010545847695919597,0.012766171301542006,-0.10981833809512237,2,1.0,1.0
scaling,synthetic_large,LocalHead-Momentum,BP-Momentum,3,0.014444444444444446,-0.0012810357964924506,-0.017324193913741515,0.027612955605433198,-0.051090639092975676,2,1.0,1.0
scaling,synthetic_large,AR64-Momentum,BP-Momentum,3,0.0004444444444444325,0.00029984497995882986,0.00017863080082192173,0.00045295399938793945,2.1430478355464233,0,0.25,1.0
scaling,synthetic_large,CAT64-Momentum,BP-Momentum,3,0.00022222222222223476,0.00016427079921088605,9.8004567876675e-05,0.00025025933299149816,2.105498630575128,0,0.25,1.0
scaling,synthetic_large,CAT64-Momentum,AR64-Momentum,3,-0.00022222222222219776,-0.0001355741807479438,-0.0002026946663964413,-8.062623294524673e-05,-2.188872691291354,3,0.25,1.0
scaling,synthetic_large,CAT64-MWBP,CAT64-Momentum,3,-0.0024444444444444344,-0.0011301062404487732,-0.002661832742445247,0.000251046345298378,-0.77284611168194,2,0.5,1.0
scaling,synthetic_large,CAT64-MWBP,CAT64-MWBP-local-EM,3,-0.00022222222222219776,0.0002998262647742426,-0.00011732071142522837,0.0007509789980839621,0.6890220684276817,1,0.5,1.0
