experiment_group,dataset,method,n,test_accuracy_mean,test_accuracy_std,test_accuracy_ci95_low,test_accuracy_ci95_high,balanced_accuracy_mean,balanced_accuracy_std,balanced_accuracy_ci95_low,balanced_accuracy_ci95_high,macro_f1_mean,macro_f1_std,macro_f1_ci95_low,macro_f1_ci95_high,test_loss_mean,test_loss_std,test_loss_ci95_low,test_loss_ci95_high,elapsed_seconds_mean,elapsed_seconds_std,elapsed_seconds_ci95_low,elapsed_seconds_ci95_high,best_epoch_mean,best_epoch_std,best_epoch_ci95_low,best_epoch_ci95_high,early_stop_fraction
core,anisotropic,AR64-Momentum,10,0.80525,0.038952428251222894,0.7773851114454724,0.8331148885545276,0.8051307172312925,0.03883708126188285,0.7773483429421743,0.8329130915204107,0.8048745153622188,0.039002634895605834,0.7769737111379054,0.8327753195865322,0.4094960851197501,0.07171388353785924,0.358195063275699,0.4607971069638012,17.616420680005103,4.207885377784589,14.606280815399542,20.626560544610662,53.3,19.154633904097462,39.59760035502548,67.00239964497452,1.0
core,anisotropic,BP-Adam,10,0.79275,0.048382876906791925,0.7581389748731426,0.8273610251268573,0.7921095846299384,0.0490545879358386,0.757018046379624,0.8272011228802528,0.7921000518195715,0.0489568730824368,0.7570784145644557,0.8271216890746874,0.43996974536646627,0.08103388409265665,0.3820015967617256,0.4979378939712069,0.8227362900041044,0.12871326550974305,0.7306603666293989,0.9148122133788099,19.3,6.18331087147762,14.876725866215704,23.723274133784297,1.0
core,anisotropic,BP-MWBP,10,0.806,0.037475918193480555,0.7791913431120396,0.8328086568879605,0.8058793388778012,0.03736488631685705,0.7791501094095683,0.832608568346034,0.8056459864171414,0.037504450084035586,0.7788169190442316,0.8324750537900512,0.4089706202300528,0.07168793656788547,0.3576881597301619,0.46025308072994375,3.0402665199886543,0.6713373927313142,2.560020679850102,3.5205123601272064,53.3,19.154633904097462,39.59760035502548,67.00239964497452,1.0
core,anisotropic,BP-Momentum,10,0.80525,0.038141731301379975,0.7779650491072062,0.8325349508927938,0.8051403501788735,0.037998104222883605,0.777958143908569,0.8323225564491781,0.804885516872478,0.038175832492893476,0.7775761714568326,0.8321948622881234,0.40958335408000046,0.07176045729956111,0.35824901537387804,0.4609176927861229,1.3031753100047354,0.29870676366473686,1.089493363751739,1.5168572562577318,53.3,19.154633904097462,39.59760035502548,67.00239964497452,1.0
core,anisotropic,CAT40-Momentum,10,0.804,0.03982949772328155,0.7755076937416038,0.8324923062583963,0.803826140979309,0.039933915455868725,0.7752591387747988,0.8323931431838193,0.80362096708172,0.03991535422777411,0.7750672427799109,0.8321746913835292,0.4128126343105463,0.07465384857746515,0.3594084881720488,0.46621678044904385,16.44655970999738,3.4352135615463033,13.989155965200432,18.90396345479433,53.5,17.633616884928752,40.88567038381362,66.11432961618638,1.0
core,anisotropic,CAT64-MWBP,10,0.80625,0.037772160530092955,0.7792294241106978,0.8332705758893022,0.8061211133897557,0.03769337885639652,0.7791568945147975,0.8330853322647138,0.8058817508297367,0.03782094894065207,0.7788262738140088,0.8329372278454645,0.40893014224247526,0.07166579106048927,0.3576635236842368,0.4601967608007137,23.49674308999092,6.58903266779028,18.78323306730437,28.210253112677474,53.3,19.154633904097462,39.59760035502548,67.00239964497452,1.0
core,anisotropic,CAT64-MWBP-local,10,0.8047500000000001,0.04002516569470875,0.7761177213069625,0.8333822786930376,0.8045141802939367,0.04008194091133655,0.7758412870575956,0.8331870735302779,0.8043696852389608,0.04008665740327708,0.7756934180275379,0.8330459524503837,0.41058123054284296,0.07348352242207314,0.3580142853018639,0.463148175783822,25.979853959998582,7.184824384094138,20.84014021852342,31.119567701473745,52.6,18.845571245137556,39.11869046249557,66.08130953750444,1.0
core,anisotropic,CAT64-MWBP-local-EM,10,0.80625,0.037772160530092955,0.7792294241106978,0.8332705758893022,0.8061211133897557,0.03769337885639652,0.7791568945147975,0.8330853322647138,0.8058817508297367,0.03782094894065207,0.7788262738140088,0.8329372278454645,0.40874379517075693,0.07161565055873773,0.35751304496671615,0.4599745453747977,23.606604609993518,6.463223642007579,18.983092942736285,28.23011627725075,53.3,19.154633904097462,39.59760035502548,67.00239964497452,1.0
core,anisotropic,CAT64-Momentum,10,0.80525,0.03897025218747702,0.7773723609695812,0.8331276390304189,0.805138942719338,0.03882561646167724,0.7773647698542225,0.8329131155844534,0.8048861880005242,0.0389987085852902,0.7769881924894101,0.8327841835116384,0.40953872732705277,0.07173279201863564,0.3582241791706965,0.46085327548340904,23.166886000015076,4.360470900137564,20.047593028240478,26.286178971789674,53.3,19.154633904097462,39.59760035502548,67.00239964497452,1.0
core,anisotropic,DFA-Momentum,10,0.80425,0.04229607940853779,0.7739932074988712,0.8345067925011288,0.8039268775822054,0.0423635716871339,0.773621804013482,0.8342319511509287,0.803802829055798,0.042414527328974,0.7734613040167853,0.8341443540948108,0.4289546127400727,0.07817623892413099,0.3730307003415011,0.48487852513864427,1.6577986400108784,0.3872098118237765,1.3808054270562944,1.9347918529654624,84.6,27.87750985212911,64.65763080552145,104.54236919447854,0.9
core,anisotropic,FA-Momentum,10,0.8022500000000001,0.044181601248584085,0.7706443864292024,0.8338556135707978,0.8022332481278353,0.044030013609382634,0.7707360738216028,0.8337304224340677,0.801961751553821,0.04422816766027807,0.7703228263788309,0.8336006767288111,0.43730301867799104,0.08413365936113139,0.37711742442793517,0.4974886129280469,2.015097819984658,0.6410384673672579,1.5565265253493088,2.473669114620007,90.2,35.617723428403195,64.72061556990909,115.67938443009092,0.8
core,anisotropic,LocalHead-Momentum,10,0.7867499999999998,0.04930136914934513,0.7514819251043353,0.8220180748956644,0.7867236480048759,0.04949156908219779,0.7513195122737267,0.8221277837360251,0.7864407990962432,0.04953283590021907,0.7510071428618343,0.8218744553306521,0.45466146856822337,0.08682207474096389,0.39255269781003904,0.5167702393264078,3.033866410003975,0.1800785952012132,2.905045943306108,3.1626868767018417,147.4,2.065591117977289,145.92236512880677,148.87763487119324,0.0
core,breast_cancer,AR64-Momentum,10,0.9727272727272727,0.012957521780594238,0.9634580200370303,0.981996525417515,0.9701886792452828,0.015133048174890251,0.9593631487247208,0.9810142097658449,0.9707083065237259,0.013966315858162177,0.9607174060233751,0.9806992070240766,0.07679471965088472,0.029301561628206036,0.05583364518390459,0.09775579411786485,5.444733709993306,1.7697509192508132,4.178730168028023,6.710737251958589,40.9,17.62227126236696,28.29378655326593,53.506213446734066,1.0
core,breast_cancer,BP-Adam,10,0.9678321678321679,0.01285225990870885,0.9586382149489159,0.9770261207154198,0.9659119496855346,0.013492122030969904,0.9562602670142428,0.9755636323568264,0.9655622433334393,0.013703123171997159,0.9557596195387423,0.9753648671281363,0.10404112731778643,0.04723398929999917,0.07025196687465267,0.1378302877609202,0.1852594500000123,0.06467332105347605,0.13899494315120708,0.2315239568488175,12.4,10.405126941400892,4.956620584783538,19.84337941521646,1.0
core,breast_cancer,BP-MWBP,10,0.9713286713286713,0.014907484340624243,0.9606644994546927,0.9819928432026499,0.9686897274633124,0.01741374844144957,0.9562326822565778,0.981146772670047,0.9691966979752152,0.016099259927628038,0.9576799812046852,0.9807134147457452,0.07698224819729452,0.02929421628681375,0.05602642827100619,0.09793806812358284,0.9147659200069029,0.313657136213244,0.6903891215042334,1.1391427185095724,40.9,17.62227126236696,28.29378655326593,53.506213446734066,1.0
core,breast_cancer,BP-Momentum,10,0.9727272727272727,0.012957521780594238,0.9634580200370303,0.981996525417515,0.9701886792452828,0.015133048174890251,0.9593631487247208,0.9810142097658449,0.9707083065237259,0.013966315858162177,0.9607174060233751,0.9806992070240766,0.07679080828324797,0.029300593072373878,0.0558304266793712,0.09775118988712474,0.3269779000023846,0.08902426720830679,0.263293775654371,0.39066202435039815,40.9,17.62227126236696,28.29378655326593,53.506213446734066,1.0
core,breast_cancer,CAT40-Momentum,10,0.9713286713286713,0.012957521780594238,0.9620594186384289,0.9805979240189137,0.9690775681341719,0.015101374632048437,0.9582746955012189,0.9798804407671249,0.9692327128246558,0.013956623737661634,0.9592487456496388,0.9792166799996729,0.07690208726761492,0.029282614488858896,0.05595456676761549,0.09784960776761437,4.159576639998704,1.1908938047429027,3.307662532477139,5.01149074752027,40.9,17.62227126236696,28.29378655326593,53.506213446734066,1.0
core,breast_cancer,CAT64-MWBP,10,0.9713286713286713,0.014907484340624241,0.9606644994546927,0.9819928432026499,0.9686897274633124,0.01741374844144957,0.9562326822565778,0.981146772670047,0.9691966979752152,0.016099259927628038,0.9576799812046852,0.9807134147457452,0.07698776176532639,0.029297377882704215,0.05602968016958387,0.0979458433610689,7.026415310002631,2.040334476234769,5.566847951901986,8.485982668103276,40.9,17.62227126236696,28.29378655326593,53.506213446734066,1.0
core,breast_cancer,CAT64-MWBP-local,10,0.9706293706293707,0.014293435633338843,0.9604044627387619,0.9808542785199795,0.9681341719077569,0.01691673652445016,0.9560326676082063,0.9802356762073074,0.9684557917714918,0.015447940156692104,0.9574050010971075,0.9795065824458761,0.0770418481689564,0.029290917901491194,0.056088387765387174,0.09799530857252563,7.615112069994211,2.0328327364770917,6.160911133236148,9.069313006752274,40.9,17.62227126236696,28.29378655326593,53.506213446734066,1.0
core,breast_cancer,CAT64-MWBP-local-EM,10,0.9706293706293707,0.014293435633338843,0.9604044627387619,0.9808542785199795,0.9681341719077569,0.01691673652445016,0.9560326676082063,0.9802356762073074,0.9684557917714918,0.015447940156692104,0.9574050010971075,0.9795065824458761,0.07703365399802989,0.02928119898423137,0.05608714608904121,0.09798016190701857,7.743509500008076,2.337193959977302,6.071581660104077,9.415437339912076,40.9,17.62227126236696,28.29378655326593,53.506213446734066,1.0
core,breast_cancer,CAT64-Momentum,10,0.9727272727272727,0.012957521780594238,0.9634580200370303,0.981996525417515,0.9701886792452828,0.015133048174890251,0.9593631487247208,0.9810142097658449,0.9707083065237259,0.013966315858162177,0.9607174060233751,0.9806992070240766,0.07679336369132674,0.029301709863379356,0.05583218318329165,0.09775454419936182,7.024976210016757,2.426622304673134,5.2890751861434895,8.760877233890024,40.9,17.62227126236696,28.29378655326593,53.506213446734066,1.0
core,breast_cancer,DFA-Momentum,10,0.9685314685314687,0.014834407996920599,0.9579195723246229,0.9791433647383144,0.9664675052410902,0.016352682803925787,0.9547695006658651,0.9781655098163152,0.9662777918702783,0.01594078344674274,0.9548744423447862,0.9776811413957703,0.13607683796803635,0.05620641234756277,0.09586919273437902,0.17628448320169368,0.3152264199918136,0.1364568559185109,0.21761106574105094,0.4128417742425763,32.9,20.19048180592914,18.456599404896657,47.34340059510334,1.0
core,breast_cancer,FA-Momentum,10,0.9657342657342657,0.01295752178059422,0.9564650130440233,0.975003518424508,0.9630817610062895,0.013664214351467684,0.9533069709050621,0.9728565511075169,0.9632722468868501,0.013873114104651453,0.9533480189045235,0.9731964748691767,0.12457839578258001,0.037129943937046446,0.09801723396825393,0.1511395575969061,0.5148215399996843,0.31347293949158384,0.29057650789391476,0.7390665721054538,68.1,55.476621702799775,28.414415543999553,107.78558445600044,0.7
core,breast_cancer,LocalHead-Momentum,10,0.9671328671328672,0.014388157913296949,0.9568401990051394,0.977425535260595,0.9638050314465408,0.017132659714875466,0.9515490650015564,0.9760609978915252,0.964659457827271,0.015579762082875174,0.953514367427631,0.9758045482269111,0.1151592796055501,0.04398661125483921,0.08369315347337644,0.14662540573772376,0.7303386400046292,0.24821249148466007,0.5527781200685056,0.9078991599407529,95.8,46.97469768100932,62.196325607175524,129.40367439282448,0.6
core,circles,AR64-Momentum,10,0.9956666666666665,0.0035311663515712834,0.9931406224308763,0.9981927109024566,0.9956666666666667,0.00353116635157126,0.9931406224308765,0.9981927109024569,0.9956664999872828,0.0035313858625968743,0.9931402987227645,0.9981927012518012,0.013813326987246305,0.006594845372907638,0.009095658805811577,0.018530995168681032,17.10064992000698,2.76189547101052,15.124908921201685,19.076390918812272,123.7,28.49580865866261,103.31532648430337,144.08467351569664,0.4
core,circles,BP-Adam,10,0.9950000000000001,0.0036004114991154924,0.992424420769708,0.9975755792302922,0.9949999999999999,0.0036004114991154638,0.9924244207697078,0.9975755792302919,0.9949997296068703,0.003600744909626445,0.9924239118690666,0.997575547344674,0.014995859560766706,0.0074307579730925125,0.009680215527987058,0.020311503593546353,0.7045916600152851,0.3228659481394892,0.4736272743052282,0.9355560457253419,61.7,34.46753706186607,37.04340933038505,86.35659066961495,1.0
core,circles,BP-MWBP,10,0.9953333333333333,0.0039126259692575695,0.9925344093256756,0.998132257340991,0.9953333333333333,0.0039126259692575495,0.9925344093256756,0.998132257340991,0.9953331555427148,0.00391282513064452,0.9925340890635835,0.9981322220218461,0.013920606334500579,0.0064786787607018816,0.009286038741352507,0.01855517392764865,3.2610151399916503,0.5736070587742783,2.8506813691738104,3.67134891080949,124.2,26.48605503111234,105.25301762110658,143.14698237889343,0.4
core,circles,BP-Momentum,10,0.9956666666666667,0.003531166351571284,0.9931406224308765,0.9981927109024569,0.9956666666666667,0.00353116635157126,0.9931406224308765,0.9981927109024569,0.9956664999872828,0.0035313858625968743,0.9931402987227645,0.9981927012518012,0.013786002222242244,0.006592273680652581,0.009070173718622246,0.018501830725862242,1.0215349700069054,0.17604678179008865,0.8955986888763432,1.1474712511374676,123.7,28.49580865866261,103.31532648430337,144.08467351569664,0.4
core,circles,CAT40-Momentum,10,0.9946666666666666,0.004499657051403695,0.9914478059203659,0.9978855274129673,0.9946666666666666,0.004499657051403681,0.9914478059203659,0.9978855274129673,0.9946664962845256,0.004499816815174281,0.9914475212501083,0.997885471318943,0.013850980317654462,0.006397524552478109,0.009274466947809283,0.018427493687499644,14.904349529987666,1.7090520655055323,13.681767332234646,16.126931727740686,130.2,22.753754268984565,113.92294474652022,146.47705525347976,0.3
core,circles,CAT64-MWBP,10,0.9953333333333333,0.0039126259692575695,0.9925344093256756,0.998132257340991,0.9953333333333333,0.0039126259692575495,0.9925344093256756,0.998132257340991,0.9953331555427148,0.00391282513064452,0.9925340890635835,0.9981322220218461,0.013935193819849995,0.006475917948320596,0.009302601192905015,0.018567786446794975,25.940603750001173,3.9601506123494685,23.107682660703027,28.77352483929932,124.2,26.48605503111234,105.25301762110658,143.14698237889343,0.4
core,circles,CAT64-MWBP-local,10,0.9953333333333333,0.0039126259692575695,0.9925344093256756,0.998132257340991,0.9953333333333333,0.0039126259692575495,0.9925344093256756,0.998132257340991,0.9953331555427148,0.00391282513064452,0.9925340890635835,0.9981322220218461,0.01384972437604325,0.0066195762452563815,0.009114364794282731,0.01858508395780377,26.39938551999512,3.897638871630652,23.611182636125534,29.18758840386471,124.4,26.692487499086496,105.30534472952104,143.49465527047897,0.4
core,circles,CAT64-MWBP-local-EM,10,0.9953333333333333,0.0039126259692575695,0.9925344093256756,0.998132257340991,0.9953333333333333,0.0039126259692575495,0.9925344093256756,0.998132257340991,0.9953331555427148,0.00391282513064452,0.9925340890635835,0.9981322220218461,0.013848748196223495,0.0066171981637342244,0.009115089791502856,0.018582406600944134,25.24022325000842,3.707936261436181,22.587725438425462,27.892721061591377,124.4,26.692487499086496,105.30534472952104,143.49465527047897,0.4
core,circles,CAT64-Momentum,10,0.9956666666666665,0.0035311663515712834,0.9931406224308763,0.9981927109024566,0.9956666666666667,0.00353116635157126,0.9931406224308765,0.9981927109024569,0.9956664999872828,0.0035313858625968743,0.9931402987227645,0.9981927012518012,0.01380173892890921,0.006593512079012552,0.009085024528470044,0.01851845332934838,24.18651802999666,3.8716133241120954,21.416932701276597,26.95610335871672,123.7,28.495808658662614,103.31532648430337,144.08467351569664,0.4
core,circles,DFA-Momentum,10,0.9949999999999999,0.0047790695928014845,0.9915812595625905,0.9984187404374093,0.9949999999999999,0.004779069592801432,0.9915812595625905,0.9984187404374093,0.994999788870739,0.00477952745950147,0.9915807208952238,0.9984188568462543,0.015311737611100959,0.013588069262133696,0.005591418425385731,0.025032056796816186,1.1849431899783667,0.181098413006824,1.0553931895704065,1.3144931903863268,131.1,29.114524821050328,110.2727236046927,151.92727639530727,0.3
core,circles,FA-Momentum,10,0.9953333333333333,0.005018484351393875,0.9917433258949693,0.9989233407716973,0.9953333333333333,0.005018484351393863,0.9917433258949693,0.9989233407716973,0.995333274072428,0.0050185215269516435,0.991743240040272,0.998923308104584,0.02279692681130089,0.018210702992423243,0.009769774662768392,0.03582407895983339,1.3012777999858371,0.09244457399746295,1.235146935555602,1.3674086644160723,142.1,12.626691305854171,133.0674091745743,151.1325908254257,0.2
core,circles,LocalHead-Momentum,10,0.8860000000000001,0.22116303131344778,0.7277894982006098,1.0442105017993906,0.8860000000000001,0.22116303131344778,0.7277894982006098,1.0442105017993906,0.8856462794853538,0.22192400179485477,0.7268914121968357,1.0444011467738719,0.16772849261740158,0.28102352009014275,-0.03330362322423505,0.36876060845903824,1.3136044200102333,0.5320123529430313,0.9330257092613297,1.6941831307591368,119.2,59.46950665864164,76.65807771602113,161.74192228397888,0.2
core,digits,AR64-Momentum,10,0.9568888888888889,0.01249197273116015,0.9479526699262355,0.9658251078515423,0.9565563266640111,0.012542843705948778,0.9475837167982283,0.965528936529794,0.9566010462336008,0.012684569406213963,0.9475270519093771,0.9656750405578244,0.15138118274893067,0.04019343011394728,0.12262853494155877,0.18013383055630255,52.33266514000134,3.4036080222453715,49.89787063601079,54.767459643991884,142.6,10.946333734279355,134.76946456793013,150.43053543206986,0.1
core,digits,BP-Adam,10,0.9613333333333334,0.011580220590140917,0.9530493425613077,0.9696173241053591,0.961069624454862,0.011632475964511993,0.9527482524399049,0.9693909964698191,0.9611057779545007,0.011637008097987686,0.952781163846563,0.9694303920624384,0.15149018166214107,0.0424086110633541,0.12115288886459719,0.18182747445968495,1.7733001600077842,0.6093789828938025,1.337376696230552,2.2092236237850162,25.7,11.860766323378005,17.21531890025761,34.18468109974239,1.0
core,digits,BP-MWBP,10,0.9580000000000002,0.012633919115163917,0.9489622387112696,0.9670377612887308,0.9576531646086753,0.012690859578663557,0.9485746705661501,0.9667316586512006,0.9577017704629156,0.012838439001954065,0.9485177044607577,0.9668858364650735,0.15121908612318352,0.039365709198942535,0.12305855418859125,0.1793796180577758,8.646913459990174,1.679368930524348,7.445565297837328,9.848261622143019,140.6,14.945828106123054,129.90839864857023,151.29160135142976,0.1
core,digits,BP-Momentum,10,0.9575555555555557,0.012849236578818046,0.9483637654322202,0.9667473456788912,0.957223212917854,0.012890556235800073,0.9480018644925433,0.9664445613431646,0.9572701472905362,0.013051199424344656,0.9479338816509002,0.9666064129301721,0.15157454428855643,0.03964380936880634,0.12321507147689556,0.1799340171002173,4.439673550013685,0.8332530020925817,3.84360026053124,5.03574683949613,140.9,14.502490207623733,130.5255434759481,151.2744565240519,0.1
core,digits,CAT40-Momentum,10,0.9566666666666667,0.01249416873587629,0.9477288767768739,0.9656044565564594,0.9563193921009896,0.012585732383474765,0.9473161015235498,0.9653226826784294,0.956340463398568,0.012747075562947578,0.9472217548634583,0.9654591719336778,0.1539735471736165,0.04072441696212729,0.12484105425741004,0.18310604008982295,45.03137458000565,4.348791827284711,41.92043631365188,48.14231284635942,142.6,10.946333734279355,134.76946456793013,150.43053543206986,0.1
core,digits,CAT64-MWBP,10,0.957777777777778,0.013042086564191839,0.9484480310855856,0.9671075244699703,0.9574309423864531,0.013100095452747115,0.948059698635224,0.9668021861376822,0.9574776784314372,0.013256689945286209,0.9479944137285304,0.9669609431343439,0.15135230219863358,0.039403158811925756,0.12316498042476717,0.17953962397249998,80.24788382999832,5.70959060303786,76.16348876174905,84.33227889824758,140.6,14.945828106123054,129.90839864857023,151.29160135142976,0.1
core,digits,CAT64-MWBP-local,10,0.958,0.013018926815155726,0.9486868207942215,0.9673131792057784,0.9576683314438623,0.013105453721824705,0.9482932546178444,0.9670434082698802,0.9577019563360561,0.013260984775258033,0.948215619296869,0.9671882933752433,0.15132798376363693,0.03941854961240466,0.12312965207435925,0.17952631545291461,73.48571250000387,4.665849894461878,70.1479645556956,76.82346044431215,140.4,14.953260514014994,129.70308182425663,151.09691817574338,0.1
core,digits,CAT64-MWBP-local-EM,10,0.958,0.013018926815155726,0.9486868207942215,0.9673131792057784,0.9576683314438623,0.013105453721824705,0.9482932546178444,0.9670434082698802,0.9577019563360561,0.013260984775258033,0.948215619296869,0.9671882933752433,0.15132194035793517,0.039423328598693866,0.12312018998781188,0.17952369072805846,80.66963280999335,7.939747803300586,74.98987938709652,86.34938623289017,140.4,14.953260514014994,129.70308182425663,151.09691817574338,0.1
core,digits,CAT64-Momentum,10,0.9573333333333334,0.012692414809246728,0.94825372674587,0.9664129399207967,0.9570009906956317,0.012740798553930151,0.9478867724622715,0.9661152089289919,0.9570479250683139,0.012892348982814045,0.9478252941890462,0.9662705559475817,0.15166797513133876,0.03961330321128753,0.12333032511013414,0.18000562515254337,64.61618661000394,9.21130414520954,58.02681657656927,71.2055566434386,141.3,14.712428608341845,130.77536259116226,151.82463740883776,0.1
core,digits,DFA-Momentum,10,0.9484444444444444,0.008752032881624836,0.9421836172811371,0.9547052716077518,0.9482765572816128,0.00857782041699445,0.942140354207988,0.9544127603552375,0.9483143576211663,0.008696358214496592,0.9420933577154778,0.9545353575268549,0.19457400755045934,0.02721414997787358,0.17510617742318504,0.21404183767773363,3.7805991199973503,0.2880444556802875,3.5745445293948044,3.9866537105998963,139.4,16.480291259562133,127.61070983477296,151.18929016522705,0.2
core,digits,FA-Momentum,10,0.9257777777777777,0.0106933821822925,0.9181281929853021,0.9334273625702533,0.92543019681139,0.010576882553144235,0.9178639508331707,0.9329964427896094,0.9252733539606034,0.01061155108730919,0.9176823076070487,0.9328644003141581,0.2631000809741064,0.047871785360340716,0.22885466871459517,0.2973454932336177,4.090050420007901,0.1655195591018454,3.971644860328251,4.208455979687551,149.8,0.4216370213557839,149.4983790449528,150.10162095504722,0.0
core,digits,LocalHead-Momentum,10,0.954,0.007557733890776123,0.9485935228676111,0.9594064771323888,0.953675062046144,0.007665632737022348,0.9481913987289449,0.9591587253633432,0.9538638941610106,0.007461933063896353,0.9485259488117296,0.9592018395102916,0.1835102547855963,0.029169123054488266,0.1626439211669444,0.2043765884042482,4.204899459995795,0.6392265263233526,3.7476243498994477,4.662174570092143,134.0,27.243755655603398,114.51099124670522,153.4890087532948,0.3
core,iris,AR64-Momentum,10,0.9605263157894737,0.04341883744127924,0.9294663505758695,0.9915862810030779,0.9604700854700854,0.04367729044298358,0.9292252341168385,0.9917149368233322,0.9600560303893637,0.04409262061196632,0.9285140697314698,0.9915979910472577,0.11347730999607822,0.04465830743236024,0.08153068136458891,0.14542393862756753,2.923666299984325,0.2880305805786291,2.7176216350315716,3.129710964937078,142.3,19.212553766280582,128.5561669816189,156.04383301838112,0.1
core,iris,BP-Adam,10,0.9605263157894737,0.03340251362221014,0.936631596992456,0.9844210345864913,0.9602564102564102,0.033877986316113426,0.9360215587841999,0.9844912617286204,0.9602749081299805,0.0336600028589208,0.9361959926292642,0.9843538236306968,0.15877666323117234,0.12008531558576097,0.072872803419109,0.24468052304323568,0.16075399000546894,0.05658160763869459,0.12027794622920615,0.20123003378173174,100.9,42.4616166542077,70.52478928698301,131.275210713017,0.6
core,iris,BP-MWBP,10,0.9605263157894737,0.04341883744127924,0.9294663505758695,0.9915862810030779,0.9604700854700854,0.04367729044298358,0.9292252341168385,0.9917149368233322,0.9600560303893637,0.04409262061196632,0.9285140697314698,0.9915979910472577,0.1147790487727874,0.04419942804840749,0.08316068267762436,0.14639741486795044,0.6607999100000598,0.09727246223859755,0.591215382375189,0.7303844376249305,144.6,12.020353109991772,136.00115739034896,153.19884260965102,0.1
core,iris,BP-Momentum,10,0.9605263157894737,0.04341883744127924,0.9294663505758695,0.9915862810030779,0.9604700854700854,0.04367729044298358,0.9292252341168385,0.9917149368233322,0.9600560303893637,0.04409262061196632,0.9285140697314698,0.9915979910472577,0.11326129773577795,0.04461546162052857,0.0813453191516751,0.1451772763198808,0.2346350900013931,0.04663796854705123,0.201272297119993,0.2679978828827932,142.2,19.18795918741172,128.4737608834626,155.92623911653737,0.1
core,iris,CAT40-Momentum,10,0.9605263157894737,0.04341883744127924,0.9294663505758695,0.9915862810030779,0.9604700854700854,0.04367729044298358,0.9292252341168385,0.9917149368233322,0.9600560303893637,0.04409262061196632,0.9285140697314698,0.9915979910472577,0.11570044965273982,0.04545206924355777,0.08318599802790054,0.14821490127757908,2.5114271500089673,0.22832774165264375,2.3480913231890272,2.6747629768289074,142.2,19.18795918741172,128.4737608834626,155.92623911653737,0.1
core,iris,CAT64-MWBP,10,0.9605263157894737,0.04341883744127924,0.9294663505758695,0.9915862810030779,0.9604700854700854,0.04367729044298358,0.9292252341168385,0.9917149368233322,0.9600560303893637,0.04409262061196632,0.9285140697314698,0.9915979910472577,0.11489143099492458,0.044216705377625606,0.08326070544298833,0.14652215654686082,4.449112209992018,0.22909085231540016,4.285230486689442,4.612993933294594,144.6,12.020353109991772,136.00115739034896,153.19884260965102,0.1
core,iris,CAT64-MWBP-local,10,0.9605263157894737,0.04341883744127924,0.9294663505758695,0.9915862810030779,0.9604700854700854,0.04367729044298358,0.9292252341168385,0.9917149368233322,0.9600560303893637,0.04409262061196632,0.9285140697314698,0.9915979910472577,0.11601928174578617,0.044513161182035146,0.08417648448684523,0.14786207900472711,4.5220645700057505,0.2824699625097237,4.319997731590152,4.724131408421349,144.6,12.020353109991772,136.00115739034896,153.19884260965102,0.1
core,iris,CAT64-MWBP-local-EM,10,0.9605263157894737,0.04341883744127924,0.9294663505758695,0.9915862810030779,0.9604700854700854,0.04367729044298358,0.9292252341168385,0.9917149368233322,0.9600560303893637,0.04409262061196632,0.9285140697314698,0.9915979910472577,0.11601111689453047,0.04443768103020661,0.08422231488346513,0.14779991890559582,3.960821460012812,0.18438827343370706,3.8289180352287433,4.092724884796881,144.6,12.020353109991772,136.00115739034896,153.19884260965102,0.1
core,iris,CAT64-Momentum,10,0.9605263157894737,0.04341883744127924,0.9294663505758695,0.9915862810030779,0.9604700854700854,0.04367729044298358,0.9292252341168385,0.9917149368233322,0.9600560303893637,0.04409262061196632,0.9285140697314698,0.9915979910472577,0.11339352632288321,0.0446330325512077,0.08146497825217441,0.14532207439359202,3.8237281899899243,0.3222557256746938,3.593200331134248,4.0542560488456,142.3,19.212553766280585,128.5561669816189,156.04383301838112,0.1
core,iris,DFA-Momentum,10,0.75,0.10471347707292387,0.6750924910258322,0.8249075089741678,0.7485042735042735,0.10434436471062178,0.6738608116075642,0.8231477354009828,0.714000462095663,0.14053402201721962,0.6134684789193275,0.8145324452719985,0.5712543508672324,0.24100279558966617,0.3988513366796685,0.7436573650547964,0.10949025000445545,0.07873763842062978,0.05316473659904509,0.1658157634098658,65.6,64.03505984137821,19.79207771709347,111.40792228290653,0.7
core,iris,FA-Momentum,10,0.8421052631578947,0.0936585811581694,0.7751059503213288,0.9091045759944606,0.8399572649572649,0.09860724625857653,0.7694178903656992,0.9104966395488305,0.8233863570729476,0.1291565726406729,0.7309933108806576,0.9157794032652377,0.37947724517184644,0.18366714059729686,0.24808968774243872,0.5108648026012541,0.17810353999957443,0.05900744983761395,0.13589215325347676,0.2203149267456721,126.7,46.147228158001724,93.68826164495388,159.71173835504612,0.4
core,iris,LocalHead-Momentum,10,0.8157894736842104,0.1123355129374184,0.7354294887166857,0.8961494586517351,0.8168803418803419,0.11057586215088536,0.7377791352550913,0.8959815485055924,0.8108161305997387,0.11111803118598118,0.7313270796110193,0.8903051815884581,0.4215073146663335,0.18721659212950523,0.2875806325708896,0.5554339967617774,0.2364601500099525,0.07618107555766117,0.18196349150416005,0.29095680851574496,135.1,47.11793713650884,101.39385827347392,168.80614172652605,0.1
core,moons,AR64-Momentum,10,0.9623333333333332,0.011005049346146132,0.954460795282825,0.9702058713838413,0.9623333333333332,0.011005049346146132,0.954460795282825,0.9702058713838413,0.9623272009691684,0.011009370013450771,0.9544515720994654,0.9702028298388713,0.11022036942342783,0.022873021915686773,0.09385799523521865,0.12658274361163702,12.72035647999146,2.575972056769202,10.877617079548624,14.563095880434297,80.2,21.080796948882174,65.11970631887921,95.2802936811208,1.0
core,moons,BP-Adam,10,0.9633333333333335,0.010061539042374931,0.9561357418944992,0.9705309247721677,0.9633333333333335,0.010061539042374931,0.9561357418944992,0.9705309247721677,0.9633282574489748,0.010064332116643699,0.9561286679651735,0.970527846932776,0.1137928721002486,0.023142519852956976,0.09723771070146357,0.13034803349903365,0.6238234600168653,0.2247484151853512,0.46304812910408955,0.784598790929641,40.3,22.251342031936463,24.382348809945626,56.21765119005437,1.0
core,moons,BP-MWBP,10,0.961,0.012176682838042218,0.9522893258397768,0.9697106741602232,0.961,0.012176682838042218,0.9522893258397768,0.9697106741602232,0.9609902895584155,0.012189263614301121,0.9522706156530127,0.9697099634638182,0.11087600332740695,0.02338998772975624,0.09414381407394329,0.1276081925808706,2.84534527999931,0.5563110611846915,2.447384320503139,3.243306239495481,82.8,20.73536967491912,67.9668101048254,97.6331898951746,1.0
core,moons,BP-Momentum,10,0.9623333333333333,0.011005049346146132,0.9544607952828251,0.9702058713838414,0.9623333333333333,0.011005049346146132,0.9544607952828251,0.9702058713838414,0.9623272009691686,0.011009370013450771,0.9544515720994656,0.9702028298388715,0.11137540123957587,0.02385852435176005,0.09430804107785334,0.1284427614012984,0.659203190007247,0.17778342897914604,0.5320245863167273,0.7863817936977667,76.5,22.192341021172147,60.624555590456175,92.37544440954383,1.0
core,moons,CAT40-Momentum,10,0.9616666666666666,0.009329364235414847,0.954992841532382,0.9683404918009512,0.9616666666666666,0.009329364235414847,0.954992841532382,0.9683404918009512,0.9616612085638587,0.00933325501468782,0.9549846001337515,0.9683378169939659,0.11030801393231413,0.021894552447672237,0.09464559463534788,0.12597043322928037,10.791807019995758,2.1687506929516966,9.240376234425764,12.343237805565753,83.7,20.75813093705693,68.85052767876611,98.54947232123389,1.0
core,moons,CAT64-MWBP,10,0.9603333333333334,0.0111609991145313,0.9523492355390236,0.9683174311276431,0.9603333333333334,0.0111609991145313,0.9523492355390236,0.9683174311276431,0.9603235043679625,0.011173926412780253,0.9523301589415747,0.9683168497943504,0.11127141524528013,0.023030431497134445,0.09479643702591362,0.12774639346464664,18.533316650002963,3.535308653094449,16.00430919021151,21.062324109794414,86.0,20.493901531919196,71.33954600849658,100.66045399150342,1.0
core,moons,CAT64-MWBP-local,10,0.961,0.009434635429046144,0.9542508683903496,0.9677491316096504,0.961,0.009434635429046144,0.9542508683903496,0.9677491316096504,0.9609960175860623,0.009436631598531552,0.954245458002785,0.9677465771693397,0.11040527983457057,0.02146709885202905,0.09504864241923723,0.12576191724990393,19.248135300003923,4.355906216743397,16.132107706018992,22.364162893988855,90.7,26.524831133612647,71.72527886839566,109.67472113160434,0.9
core,moons,CAT64-MWBP-local-EM,10,0.961,0.009434635429046144,0.9542508683903496,0.9677491316096504,0.961,0.009434635429046144,0.9542508683903496,0.9677491316096504,0.9609960175860623,0.009436631598531552,0.954245458002785,0.9677465771693397,0.11040740287665662,0.021468472035911994,0.09504978314474942,0.12576502260856381,19.559926250000718,4.373288409814355,16.431464184161253,22.688388315840182,90.7,26.524831133612647,71.72527886839566,109.67472113160434,0.9
core,moons,CAT64-Momentum,10,0.9623333333333333,0.011005049346146132,0.9544607952828251,0.9702058713838414,0.9623333333333333,0.011005049346146132,0.9544607952828251,0.9702058713838414,0.9623272009691686,0.011009370013450771,0.9544515720994656,0.9702028298388715,0.11130126287369017,0.023816982426194278,0.09426362001530916,0.12833890573207118,15.31760919999797,3.547196231132664,12.780097879161406,17.855120520834532,76.5,22.192341021172147,60.624555590456175,92.37544440954383,1.0
core,moons,DFA-Momentum,10,0.8713333333333333,0.018270937592083966,0.858263091947954,0.8844035747187126,0.8713333333333333,0.018270937592083984,0.858263091947954,0.8844035747187126,0.8712304519064402,0.018339115445051377,0.8581114390231053,0.8843494647897752,0.3087240959448553,0.035220818322573,0.28352864032324204,0.3339195515664685,1.2603829400090034,0.356640308337419,1.0052578324860197,1.515508047531987,132.6,43.98787711783024,101.13296832399365,164.06703167600634,0.1
core,moons,FA-Momentum,10,0.9496666666666668,0.022468084360149944,0.9335939673553049,0.9657393659780287,0.9496666666666667,0.02246808436014998,0.9335939673553048,0.9657393659780286,0.9496587646187683,0.022475289399208287,0.9335809111329582,0.9657366181045784,0.15089297464584187,0.07041385894744921,0.1005219343704952,0.20126401492118853,1.3915093399991747,0.3873749633028748,1.1143979847934835,1.668620695204866,131.1,41.96943332156551,101.07687603300096,161.12312396699903,0.1
core,moons,LocalHead-Momentum,10,0.8743333333333334,0.01602852395721183,0.8628672180277424,0.8857994486389245,0.8743333333333334,0.016028523957211816,0.8628672180277424,0.8857994486389245,0.8742859554598026,0.016064566483349158,0.8627940568842299,0.8857778540353752,0.31152638216872763,0.029973387694257926,0.2900847122857743,0.33296805205168095,0.942971550009679,0.7312508866027235,0.4198661782683242,1.4660769217510339,67.3,70.39736421833483,16.940759343037712,117.65924065696228,0.6
core,wine,AR64-Momentum,10,0.9755555555555556,0.01639699527494713,0.963825851748164,0.9872852593629472,0.977962962962963,0.016154687768566215,0.9664065955036338,0.9895193304222922,0.9762112676800584,0.01626814325045494,0.9645737390582378,0.9878487963018789,0.0959305915355807,0.04021161926423135,0.06716493199393903,0.12469625107722238,3.7690298300003633,1.204363873237715,2.907479815956898,4.630579844043829,127.2,47.562356730693836,93.17593964761716,161.22406035238285,0.2
core,wine,BP-Adam,10,0.9777777777777779,0.01814436846506056,0.9647980784914997,0.990757477064056,0.9805555555555555,0.016592197599648913,0.9686862124171235,0.9924248986939875,0.9783606670320637,0.018089742024189566,0.9654200451475122,0.9913012889166152,0.11714121368814663,0.06615307884948504,0.06981815188077631,0.16446427549551695,0.21146612000302412,0.1063049607328172,0.135420132201984,0.2875121078040642,102.3,62.36639052139114,57.685771838957095,146.9142281610429,0.4
core,wine,BP-MWBP,10,0.9755555555555556,0.01639699527494713,0.963825851748164,0.9872852593629472,0.977962962962963,0.016154687768566215,0.9664065955036338,0.9895193304222922,0.9762112676800584,0.01626814325045494,0.9645737390582378,0.9878487963018789,0.09646475615245126,0.039888053612192054,0.06793056153453653,0.12499895077036599,0.6285614299937151,0.20192098749600695,0.48411585712446126,0.773007002862969,127.2,47.562356730693836,93.17593964761716,161.22406035238285,0.2
core,wine,BP-Momentum,10,0.9755555555555556,0.01639699527494713,0.963825851748164,0.9872852593629472,0.977962962962963,0.016154687768566215,0.9664065955036338,0.9895193304222922,0.9762112676800584,0.01626814325045494,0.9645737390582378,0.9878487963018789,0.09585295351236438,0.04020798083139343,0.0670898967487803,0.12461601027594846,0.23186422999715434,0.07066030158520416,0.1813168952789597,0.282411564715349,127.2,47.56235673069384,93.17593964761716,161.22406035238285,0.2
core,wine,CAT40-Momentum,10,0.971111111111111,0.01829494671885697,0.9580236946310879,0.9841985275911341,0.9742592592592592,0.017985116371960767,0.961393482057573,0.9871250364609453,0.972167977691566,0.017572653392393334,0.9595972587307781,0.984738696652354,0.0961431583469151,0.039992499307116576,0.06753424777983535,0.12475206891399485,3.1564368800085503,0.9113415937980478,2.504502377170696,3.8083713828464045,127.6,46.96618168663728,94.00241758256092,161.19758241743907,0.2
core,wine,CAT64-MWBP,10,0.9755555555555556,0.01639699527494713,0.963825851748164,0.9872852593629472,0.977962962962963,0.016154687768566215,0.9664065955036338,0.9895193304222922,0.9762112676800584,0.01626814325045494,0.9645737390582378,0.9878487963018789,0.096511011913285,0.03989288587546634,0.06797336050246544,0.12504866332410455,4.938986120000481,1.437098138660905,3.9109480419264138,5.967024198074549,127.2,47.562356730693836,93.17593964761716,161.22406035238285,0.2
core,wine,CAT64-MWBP-local,10,0.9755555555555556,0.01639699527494713,0.963825851748164,0.9872852593629472,0.977962962962963,0.016154687768566215,0.9664065955036338,0.9895193304222922,0.9762112676800584,0.01626814325045494,0.9645737390582378,0.9878487963018789,0.09667438439579662,0.039839325923278,0.0681750474666594,0.12517372132493385,4.1981097799900455,1.2146284504672173,3.329216929738405,5.067002630241686,127.3,47.61430690687645,93.23877673031761,161.3612232696824,0.2
core,wine,CAT64-MWBP-local-EM,10,0.9755555555555556,0.01639699527494713,0.963825851748164,0.9872852593629472,0.977962962962963,0.016154687768566215,0.9664065955036338,0.9895193304222922,0.9762112676800584,0.01626814325045494,0.9645737390582378,0.9878487963018789,0.0966847195193002,0.03981205815839877,0.06820488877408021,0.1251645502645202,4.916999130003387,1.4226550743341013,3.8992929977391326,5.9347052622676415,127.3,47.61430690687645,93.23877673031761,161.3612232696824,0.2
core,wine,CAT64-Momentum,10,0.9755555555555556,0.01639699527494713,0.963825851748164,0.9872852593629472,0.977962962962963,0.016154687768566215,0.9664065955036338,0.9895193304222922,0.9762112676800584,0.01626814325045494,0.9645737390582378,0.9878487963018789,0.09589703521946619,0.04021016554657354,0.06713241560479039,0.12466165483414199,4.8683603799901904,1.5204217975978678,3.78071614706335,5.956004612917031,127.2,47.562356730693836,93.17593964761716,161.22406035238285,0.2
core,wine,DFA-Momentum,10,0.971111111111111,0.01829494671885697,0.9580236946310879,0.9841985275911341,0.9755555555555555,0.01611572234279581,0.9640270622826459,0.9870840488284651,0.9716503719767478,0.017656073092593635,0.959019978157326,0.9842807657961695,0.12696879339761338,0.04815152893322147,0.09252326464133603,0.16141432215389073,0.2572842000168748,0.06064218589896243,0.2139033935398233,0.3006650064939263,122.4,41.48681182683909,92.72212265223192,152.0778773477681,0.4
core,wine,FA-Momentum,10,0.9422222222222223,0.023888171106069774,0.9251336540500642,0.9593107903943804,0.9487037037037037,0.020511111259728917,0.9340309386145614,0.963376468792846,0.9453527139006402,0.022486406366244115,0.9292669078156873,0.9614385199855932,0.17477843735742243,0.07113021602990885,0.12389494609598461,0.22566192861886025,0.2552400299871806,0.06880771490874259,0.20601795594193473,0.30446210403242646,116.5,38.274592675095114,89.12000580597997,143.87999419402001,0.5
core,wine,LocalHead-Momentum,10,0.9622222222222222,0.02781479015632382,0.9423247199952794,0.982119724449165,0.9659259259259259,0.02686710223947743,0.9467063587950209,0.9851454930568309,0.9644371943765421,0.025878168987179654,0.9459250674772298,0.9829493212758543,0.11440230720218802,0.04289621630053572,0.0837162026308302,0.14508841177354587,0.3385364900110289,0.021465827657589275,0.32318076195341694,0.3538922180686409,149.8,0.6324555320336759,149.3475685674292,150.25243143257083,0.0
scaling,synthetic_large,AR64-Momentum,3,0.7302222222222222,0.02538882810593257,0.66715287686791,0.7932915675765344,0.7301337726358184,0.02549615552268038,0.6667978111980615,0.7934697340735752,0.7297001303703983,0.02548521180341563,0.6663913546383734,0.7930089061024231,0.882216084915154,0.0281187162014244,0.8123653215940563,0.9520668482362518,119.64552013333498,3.518591910186335,110.9048532770898,128.38618698958018,15.0,1.0,12.515862288280454,17.484137711719544,1.0
scaling,synthetic_large,BP-Momentum,3,0.7297777777777777,0.025857157473175407,0.6655450377807919,0.7940105177747636,0.7296817493208995,0.025970593454042713,0.6651672187259752,0.7941962799158238,0.7292225049648922,0.02596771426790698,0.6647151266648267,0.7937298832649576,0.8819162399351952,0.02801755986265451,0.8123167628900152,0.9515157169803752,8.546617399998164,0.33868688961966203,7.705272525028966,9.38796227496736,15.0,1.0,12.515862288280454,17.484137711719544,1.0
scaling,synthetic_large,CAT64-MWBP,3,0.7275555555555556,0.024956258029095905,0.6655607738420748,0.7895503372690365,0.7274607616582127,0.025048489788575237,0.665236863552791,0.7896846597636344,0.7270389039131642,0.02500962871874201,0.664911542056833,0.7891662657694953,0.8809504044939572,0.029428212181334738,0.8078466728258191,0.9540541361620953,147.75551586668007,5.50043455292782,134.09167896290683,161.41935277045332,15.0,1.0,12.515862288280454,17.484137711719544,1.0
scaling,synthetic_large,CAT64-MWBP-local-EM,3,0.7277777777777779,0.024714668009399098,0.6663831389430009,0.7891724166125548,0.727682906413908,0.024821353266208875,0.6660232467094054,0.7893425661184106,0.7272293268716211,0.024754658936141146,0.6657353450675977,0.7887233086756446,0.880650578229183,0.02983004633972642,0.8065486351743271,0.954752521284039,141.1753152333355,9.689822224675146,117.1044624251618,165.24616804150924,15.0,1.0,12.515862288280454,17.484137711719544,1.0
scaling,synthetic_large,CAT64-Momentum,3,0.7300000000000001,0.026238224872205892,0.6648206361063757,0.7951793638936245,0.7299039715431218,0.026352025493343288,0.6644419112349129,0.7953660318513307,0.7294342536969362,0.02635450823147133,0.6639660259253151,0.7949024814685572,0.8820805107344061,0.028072727713969743,0.8123439891492994,0.9518170323195128,140.86279399997633,4.726416383066576,129.12172482151155,152.60386317844112,15.0,1.0,12.515862288280454,17.484137711719544,1.0
scaling,synthetic_large,DFA-Momentum,3,0.7439999999999999,0.012238373167123895,0.7135981956854508,0.774401804314549,0.7439204641400053,0.012320104033085118,0.7133156290991105,0.7745252991809002,0.743469849586417,0.012194563141529845,0.7131768754085975,0.7737628237642366,0.8805524393017833,0.03690404167786014,0.7888777176549411,0.9722271609486255,11.210972400013512,1.808085022442955,6.719440209767686,15.702504590259338,20.666666666666668,2.081665999466133,15.495521654188487,25.83781167914485,1.0
scaling,synthetic_large,LocalHead-Momentum,3,0.7442222222222222,0.010029585863463775,0.7193073497458626,0.7691370946985818,0.7441465541325977,0.00999907807397635,0.719307467206605,0.7689856410585904,0.7437541439306828,0.00985158177243848,0.7192814581296796,0.7682268297316861,0.8806352041387027,0.04453959871607089,0.7699927073032555,0.9912777009741498,23.40157469998424,2.074212328335155,18.248945633053278,28.554203766915204,51.666666666666664,6.506407098647712,35.50385542511613,67.8294779082172,1.0
